keyword,monthly_volume,intent,status,page
ip tv smarters pro,50000,Commercial,assigned,/iptv-smarters-pro/
iptv,50000,Commercial,assigned,/what-is-iptv/
tivi mate,50000,Commercial,assigned,/tivimate/
tivimate,50000,Commercial,assigned,/tivimate/
iptv canada,12100,Commercial,assigned,/iptv-near-me/
iptv québec,9900,Commercial,assigned,/iptv-quebec/
iptv box,8400,Commercial,assigned,/iptv-box/
cloud stream,5000,Commercial,Not targeted: competitor brand / reseller / too generic,
diablo iptv,5000,Commercial,Not targeted: competitor brand / reseller / too generic,
forevertv,5000,Commercial,Not targeted: competitor brand / reseller / too generic,
formuler z11,5000,Commercial,assigned,/formuler-iptv/
formuler z11 pro,5000,Commercial,assigned,/formuler-iptv/
formuler z11 pro max,5000,Commercial,assigned,/formuler-iptv/
implayer,5000,Commercial,assigned,/implayer/
ip television,5000,Commercial,assigned,/what-is-iptv/
ip televizija,5000,Commercial,Not targeted: out of scope,
ip tv box,5000,Commercial,assigned,/iptv-box/
ip tv smart,5000,Commercial,Not targeted: competitor brand / reseller / too generic,
ip tv subscription,5000,Commercial,assigned,/iptv-plans-canada/
iptv from canada,5000,Commercial,assigned,/iptv-near-me/
iptv player,5000,Commercial,assigned,/iptv-apps/
iptv providers,5000,Commercial,assigned,/best-iptv-canada/
iptv reddit,5000,Informational,Reddit / forum query (no page),
iptv smarters,5000,Commercial,assigned,/iptv-smarters-pro/
iptv subscribe,5000,Commercial,assigned,/iptv-plans-canada/
iptv tv,5000,Commercial,assigned,/what-is-iptv/
iptvapp,5000,Commercial,assigned,/iptv-apps/
iptvpro,5000,Commercial,Not targeted: competitor brand / reseller / too generic,
mytvonline,5000,Commercial,assigned,/mytvonline/
pandar tv,5000,Commercial,Not targeted: competitor brand / reseller / too generic,
provider iptv,5000,Commercial,assigned,/best-iptv-canada/
smart4iptv,5000,Commercial,Not targeted: competitor brand / reseller / too generic,
smarters players lite,5000,Commercial,assigned,/smarters-player-lite/
smarters pro,5000,Commercial,assigned,/iptv-smarters-pro/
smarterspro,5000,Commercial,assigned,/iptv-smarters-pro/
stb emu pro,5000,Commercial,assigned,/stbemu/
stbemu pro,5000,Commercial,assigned,/stbemu/
xc iptv,5000,Commercial,assigned,/xciptv/
xtream iptv,5000,Commercial,assigned,/xtream-codes-iptv/
xtreme hd iptv,5000,Commercial,Not targeted: competitor brand / reseller / too generic,
free trial iptv,2900,Commercial,assigned,/try-iptv-canada/
iptv free trial,2900,Commercial,assigned,/try-iptv-canada/
iptv with box,2400,Commercial,assigned,/iptv-box/
iptv near me,1900,Commercial,assigned,/iptv-near-me/
iptv subscription,1600,Commercial,assigned,/iptv-plans-canada/
best iptv for canada,1300,Commercial,assigned,/best-iptv-canada/
best iptv in canada,1300,Commercial,assigned,/best-iptv-canada/
iptv legal,1300,Commercial,Legality query (not built — see notes),
iptv server,1300,Informational,Not targeted: competitor brand / reseller / too generic,
iptv subscription canada,1300,Commercial,assigned,/iptv-plans-canada/
best iptv service canada,1200,Commercial,assigned,/best-iptv-canada/
iptv providers canada,1200,Commercial,assigned,/best-iptv-canada/
iptv resellers,1200,Commercial,Not targeted: competitor brand / reseller / too generic,
iptv service,1200,Commercial,assigned,/best-iptv-canada/
iptv smarter,1200,Commercial,assigned,/iptv-smarters-pro/
iptv supplier,1200,Commercial,assigned,/best-iptv-canada/
smart iptv,1100,Commercial,assigned,/smart-iptv/
iptv canadian,980,Commercial,assigned,/iptv-near-me/
best iptv 2026,880,Commercial,assigned,/best-iptv-canada/
best iptv canada,880,Commercial,assigned,/best-iptv-canada/
canada iptv,880,Commercial,assigned,/iptv-near-me/
canadian iptv,880,Commercial,assigned,/iptv-near-me/
iptv in canada,880,Commercial,assigned,/iptv-near-me/
iptv world,880,Commercial,assigned,/channels-list/
online iptv,880,Commercial,assigned,/what-is-iptv/
edge iptv,720,Commercial,Not targeted: competitor brand / reseller / too generic,
iptv areas,720,Informational,assigned,/iptv-near-me/
iptv back canada,720,Commercial,Not targeted: competitor brand / reseller / too generic,
best iptv canada 2026,590,Commercial,assigned,/best-iptv-canada/
best iptv near me,590,Commercial,assigned,/iptv-near-me/
best iptv provider canada,590,Commercial,assigned,/best-iptv-canada/
best iptv resell,590,Commercial,Not targeted: competitor brand / reseller / too generic,
best iptv services,590,Commercial,assigned,/best-iptv-canada/
ib iptv,590,Commercial,Not targeted: competitor brand / reseller / too generic,
iptv 4k,590,Commercial,assigned,/4k-iptv/
iptv 4k near me,590,Commercial,assigned,/iptv-near-me/
iptv canada reviews,590,Commercial,assigned,/iptv-reviews/
iptv firestick,590,Commercial,assigned,/iptv-firestick/
iptv for canada,590,Commercial,assigned,/iptv-near-me/
iptv formula,590,Informational,Not targeted: competitor brand / reseller / too generic,
iptv in edmonton,590,Commercial,assigned,/iptv-edmonton/
nap iptv,590,Commercial,Not targeted: competitor brand / reseller / too generic,
reddit iptv,590,Informational,Reddit / forum query (no page),
8k iptv,500,Commercial,assigned,/4k-iptv/
abonnementiptv,500,Commercial,assigned,/abonnement-iptv/
alibaba iptv,500,Commercial,Not targeted: competitor brand / reseller / too generic,
amazon fire stick iptv,500,Commercial,assigned,/iptv-firestick/
amazon fire tv stick iptv,500,Commercial,assigned,/iptv-firestick/
amazon iptv box,500,Commercial,assigned,/iptv-box/
android iptv player,500,Commercial,assigned,/iptv-apps/
apollo iptv,500,Commercial,Not targeted: competitor brand / reseller / too generic,
arabic iptv,500,Commercial,Excluded market (Arabic/Middle East),
atlaspro,500,Commercial,Not targeted: out of scope,
b1g iptv,500,Commercial,Not targeted: competitor brand / reseller / too generic,
beastiptv,500,Commercial,Not targeted: competitor brand / reseller / too generic,
best android box for iptv,500,Commercial,assigned,/iptv-box/
best android tv box for iptv,500,Commercial,assigned,/iptv-box/
best iptv,500,Commercial,assigned,/best-iptv-canada/
best iptv box,500,Commercial,assigned,/iptv-box/
best iptv for firestick,500,Commercial,assigned,/iptv-firestick/
best iptv for sports,500,Commercial,assigned,/iptv-sports/
best iptv provider,500,Commercial,assigned,/best-iptv-canada/
best iptv provider reddit,500,Commercial,Reddit / forum query (no page),
best iptv reddit,500,Commercial,Reddit / forum query (no page),
best iptv service,500,Commercial,assigned,/best-iptv-canada/
best iptv service provider,500,Commercial,assigned,/best-iptv-canada/
best iptv service reddit,500,Commercial,Reddit / forum query (no page),
best iptv subscription,500,Commercial,Not targeted: competitor brand / reseller / too generic,
box android iptv,500,Commercial,assigned,/iptv-box/
box formuler,500,Commercial,assigned,/formuler-iptv/
box iptv,500,Commercial,assigned,/iptv-box/
box iptv 4k,500,Commercial,assigned,/iptv-box/
buy iptv,500,Commercial,assigned,/iptv-plans-canada/
cctv5 iptv,500,Commercial,Excluded market (South Asia/Asia),
cheap iptv,500,Commercial,assigned,/iptv-plans-canada/
dino iptv,500,Commercial,Not targeted: competitor brand / reseller / too generic,
dodo iptv,500,Commercial,Not targeted: competitor brand / reseller / too generic,
dream iptv,500,Commercial,Not targeted: competitor brand / reseller / too generic,
dreamlink t2,500,Commercial,Not targeted: out of scope,
e vision iptv,500,Commercial,Not targeted: competitor brand / reseller / too generic,
eagle iptv,500,Commercial,Not targeted: competitor brand / reseller / too generic,
elon iptv,500,Commercial,Not targeted: competitor brand / reseller / too generic,
epic iptv,500,Commercial,Not targeted: competitor brand / reseller / too generic,
evybuy,500,Commercial,Excluded market (South Asia/Asia),
extreme iptv,500,Commercial,Not targeted: competitor brand / reseller / too generic,
fast iptv,500,Commercial,Not targeted: competitor brand / reseller / too generic,
fastiptv,500,Commercial,Not targeted: competitor brand / reseller / too generic,
fire tv iptv,500,Commercial,assigned,/iptv-firestick/
fire tv stick iptv,500,Commercial,assigned,/iptv-firestick/
flix ip tv,500,Commercial,assigned,/flix-iptv/
flix iptv,500,Commercial,assigned,/flix-iptv/
flixiptv,500,Commercial,assigned,/flix-iptv/
formuler box,500,Commercial,assigned,/formuler-iptv/
formuler iptv box,500,Commercial,assigned,/formuler-iptv/
formuler tv box,500,Commercial,assigned,/formuler-iptv/
formuler z8,500,Commercial,assigned,/formuler-iptv/
formuler z8 pro,500,Commercial,assigned,/formuler-iptv/
foxiptv,500,Commercial,Not targeted: competitor brand / reseller / too generic,
golden iptv,500,Commercial,Not targeted: competitor brand / reseller / too generic,
goldiptv,500,Commercial,Not targeted: competitor brand / reseller / too generic,
great iptv,500,Commercial,assigned,/best-iptv-canada/
guru ip tv,500,Commercial,Not targeted: competitor brand / reseller / too generic,
guru iptv,500,Commercial,Not targeted: competitor brand / reseller / too generic,
hd iptv,500,Commercial,assigned,/4k-iptv/
hot iptv,500,Commercial,Not targeted: competitor brand / reseller / too generic,
hotiptv,500,Commercial,Not targeted: competitor brand / reseller / too generic,
ip box tv,500,Commercial,assigned,/iptv-box/
ip tv amazon,500,Commercial,assigned,/iptv-firestick/
ip tv best,500,Commercial,assigned,/best-iptv-canada/
ip tv list,500,Informational,assigned,/m3u-playlist/
ip tv online,500,Commercial,assigned,/what-is-iptv/
ip tv smart pro,500,Commercial,assigned,/iptv-smarters-pro/
ip tv smarter pro,500,Commercial,assigned,/iptv-smarters-pro/
ip tv smarters,500,Commercial,assigned,/iptv-smarters-pro/
ip tv stream player,500,Commercial,assigned,/iptv-apps/
ip tv vlc,500,Informational,assigned,/vlc-iptv/
iplaytv,500,Commercial,assigned,/iplaytv/
iptv amazon,500,Commercial,assigned,/iptv-firestick/
iptv android tv box,500,Commercial,assigned,/iptv-box/
iptv apple tv,500,Commercial,assigned,/iptv-apple-tv/
iptv arab,500,Commercial,Excluded market (Arabic/Middle East),
iptv arabic,500,Commercial,Excluded market (Arabic/Middle East),
iptv best,500,Commercial,assigned,/best-iptv-canada/
iptv box amazon,500,Commercial,assigned,/iptv-box/
iptv box android,500,Commercial,assigned,/iptv-box/
iptv box near me,500,Commercial,assigned,/iptv-near-me/
iptv box price,500,Commercial,assigned,/iptv-box/
iptv cctv5,500,Commercial,Excluded market (South Asia/Asia),
iptv cost,500,Commercial,assigned,/iptv-plans-canada/
iptv deals,500,Commercial,assigned,/iptv-plans-canada/
iptv diablo,500,Commercial,Not targeted: competitor brand / reseller / too generic,
iptv downloader,500,Informational,Not targeted: competitor brand / reseller / too generic,
iptv epic,500,Commercial,Not targeted: competitor brand / reseller / too generic,
iptv fire stick,500,Commercial,assigned,/iptv-firestick/
iptv firestick reddit,500,Commercial,Reddit / forum query (no page),
iptv for firestick,500,Commercial,assigned,/iptv-firestick/
iptv for samsung tv,500,Informational,assigned,/iptv-samsung-tv/
iptv fox,500,Commercial,Not targeted: competitor brand / reseller / too generic,
iptv freebox,500,Informational,Not targeted: competitor brand / reseller / too generic,
iptv iphone,500,Informational,assigned,/iptv-iphone/
iptv list,500,Informational,assigned,/m3u-playlist/
iptv live,500,Commercial,assigned,/what-is-iptv/
iptv légal,500,Commercial,Legality query (not built — see notes),
iptv m3u,500,Informational,assigned,/m3u-playlist/
iptv m3u list,500,Informational,assigned,/m3u-playlist/
iptv max,500,Commercial,assigned,/4k-iptv/
iptv meilleur,500,Commercial,assigned,/meilleur-iptv/
iptv monster,500,Commercial,Not targeted: competitor brand / reseller / too generic,
iptv on roku tv,500,Informational,assigned,/iptv-roku/
iptv one,500,Commercial,Not targeted: competitor brand / reseller / too generic,
iptv online player,500,Commercial,assigned,/iptv-apps/
iptv pc,500,Informational,assigned,/iptv-pc-mac/
iptv plans,500,Commercial,assigned,/iptv-plans-canada/
iptv play list,500,Informational,assigned,/m3u-playlist/
iptv player m3u,500,Informational,assigned,/m3u-playlist/
iptv player pc,500,Informational,assigned,/iptv-pc-mac/
iptv premium,500,Commercial,assigned,/4k-iptv/
iptv price,500,Commercial,assigned,/iptv-plans-canada/
iptv providers reddit,500,Commercial,Reddit / forum query (no page),
iptv roku,500,Informational,assigned,/iptv-roku/
iptv roku tv,500,Informational,assigned,/iptv-roku/
iptv samsung tv,500,Informational,assigned,/iptv-samsung-tv/
iptv servers,500,Informational,Not targeted: competitor brand / reseller / too generic,
iptv service near me,500,Commercial,assigned,/iptv-near-me/
iptv service provider,500,Commercial,assigned,/best-iptv-canada/
iptv services reddit,500,Commercial,Reddit / forum query (no page),
iptv set top box,500,Commercial,assigned,/iptv-devices/
iptv shark,500,Commercial,Not targeted: competitor brand / reseller / too generic,
iptv site,500,Informational,Not targeted: competitor brand / reseller / too generic,
iptv smart pro,500,Commercial,assigned,/iptv-smarters-pro/
iptv smarter pro,500,Commercial,assigned,/iptv-smarters-pro/
iptv smarters downloader,500,Informational,assigned,/iptv-smarters-pro/
iptv smarters lite,500,Commercial,assigned,/smarters-player-lite/
iptv smarters player,500,Commercial,assigned,/iptv-smarters-pro/
iptv smarters pro android,500,Commercial,assigned,/iptv-smarters-pro/
iptv smarters pro firestick,500,Commercial,assigned,/iptv-smarters-pro/
iptv smarters pro free,500,Informational,assigned,/iptv-smarters-pro/
iptv smarters pro pc,500,Informational,assigned,/iptv-pc-mac/
iptv smasters pro subscription,500,Commercial,assigned,/iptv-smarters-pro/
iptv sport,500,Commercial,assigned,/iptv-sports/
iptv stb,500,Commercial,assigned,/stbemu/
iptv stbemu,500,Commercial,assigned,/stbemu/
iptv stick,500,Commercial,assigned,/iptv-firestick/
iptv stream,500,Commercial,assigned,/what-is-iptv/
iptv stream player,500,Commercial,assigned,/iptv-apps/
iptv streaming service,500,Commercial,assigned,/what-is-iptv/
iptv sub,500,Commercial,assigned,/iptv-plans-canada/
iptv subscription reddit,500,Commercial,Reddit / forum query (no page),
iptv ufc,500,Commercial,assigned,/ufc-iptv/
iptv vlc,500,Informational,assigned,/vlc-iptv/
iptv vlc media player,500,Informational,assigned,/vlc-iptv/
iptv vlc player,500,Informational,assigned,/vlc-iptv/
iptv web,500,Informational,Not targeted: competitor brand / reseller / too generic,
iptv website,500,Informational,Not targeted: competitor brand / reseller / too generic,
iptv345,500,Commercial,Not targeted: competitor brand / reseller / too generic,
iptvforum,500,Informational,Reddit / forum query (no page),
iptvfrance,500,Commercial,Not targeted: competitor brand / reseller / too generic,
iptvgreat,500,Commercial,Not targeted: competitor brand / reseller / too generic,
iptvisuel,500,Commercial,Not targeted: competitor brand / reseller / too generic,
iptvportal,500,Commercial,Not targeted: competitor brand / reseller / too generic,
iptvx,500,Commercial,assigned,/iptv-iphone/
jellyfin iptv,500,Informational,Not targeted: competitor brand / reseller / too generic,
kemo iptv,500,Commercial,Not targeted: competitor brand / reseller / too generic,
kemo tv,500,Commercial,Not targeted: competitor brand / reseller / too generic,
kemoiptv,500,Commercial,Not targeted: competitor brand / reseller / too generic,
king365,500,Commercial,Excluded market (South Asia/Asia),
kingiptv,500,Commercial,Not targeted: competitor brand / reseller / too generic,
kodi ip tv,500,Informational,assigned,/kodi-iptv/
kodi iptv,500,Informational,assigned,/kodi-iptv/
lion iptv,500,Commercial,Not targeted: competitor brand / reseller / too generic,
liste m3u iptv,500,Informational,assigned,/m3u-playlist/
lux iptv,500,Commercial,Not targeted: competitor brand / reseller / too generic,
m3u,500,Informational,assigned,/m3u-playlist/
m3u ip tv,500,Informational,assigned,/m3u-playlist/
m3u iptv,500,Informational,assigned,/m3u-playlist/
m3u list,500,Informational,assigned,/m3u-playlist/
mag 254,500,Commercial,assigned,/mag-box-iptv/
mag 322,500,Commercial,assigned,/mag-box-iptv/
mag box,500,Commercial,assigned,/mag-box-iptv/
mag iptv,500,Commercial,assigned,/mag-box-iptv/
mag iptv box,500,Commercial,assigned,/mag-box-iptv/
mag iptv boxes,500,Commercial,assigned,/mag-box-iptv/
mag tv box,500,Commercial,assigned,/mag-box-iptv/
magic iptv,500,Commercial,Not targeted: competitor brand / reseller / too generic,
mega ip tv,500,Commercial,Not targeted: competitor brand / reseller / too generic,
mega iptv,500,Commercial,Not targeted: competitor brand / reseller / too generic,
megaott,500,Commercial,Not targeted: competitor brand / reseller / too generic,
meilleur ip tv,500,Commercial,assigned,/meilleur-iptv/
meilleur iptv,500,Commercial,assigned,/meilleur-iptv/
meilleure iptv,500,Commercial,assigned,/meilleur-iptv/
mom iptv,500,Commercial,Not targeted: competitor brand / reseller / too generic,
my iptv,500,Commercial,Not targeted: competitor brand / reseller / too generic,
my sip tv,500,Commercial,assigned,/smart-iptv/
my siptv,500,Commercial,assigned,/smart-iptv/
myiptv player,500,Commercial,Not targeted: competitor brand / reseller / too generic,
mytvonline 3,500,Commercial,assigned,/mytvonline/
nanomid,500,Commercial,Not targeted: out of scope,
nasa iptv,500,Commercial,Not targeted: competitor brand / reseller / too generic,
ninja iptv,500,Commercial,Not targeted: competitor brand / reseller / too generic,
online ip tv,500,Commercial,assigned,/what-is-iptv/
onn tv box,500,Commercial,assigned,/iptv-box/
ott tv,500,Commercial,assigned,/what-is-iptv/
ottiptv,500,Commercial,Not targeted: competitor brand / reseller / too generic,
player m3u,500,Informational,assigned,/m3u-playlist/
plex iptv,500,Informational,Not targeted: competitor brand / reseller / too generic,
pluto tv iptv,500,Informational,Not targeted: competitor brand / reseller / too generic,
premium iptv,500,Commercial,assigned,/4k-iptv/
private iptv,500,Commercial,assigned,/4k-iptv/
reddit best iptv,500,Informational,Reddit / forum query (no page),
roku tv iptv,500,Informational,assigned,/iptv-roku/
set ip tv,500,Commercial,Not targeted: competitor brand / reseller / too generic,
set iptv,500,Commercial,Not targeted: competitor brand / reseller / too generic,
set top box iptv,500,Commercial,assigned,/iptv-devices/
shark iptv,500,Commercial,Not targeted: competitor brand / reseller / too generic,
siptv,500,Commercial,assigned,/smart-iptv/
smart iptv player,500,Commercial,assigned,/iptv-apps/
smart iptv pro,500,Commercial,Not targeted: competitor brand / reseller / too generic,
smart player lite,500,Commercial,assigned,/smarters-player-lite/
smarters iptv pro,500,Commercial,assigned,/iptv-smarters-pro/
smarters player,500,Commercial,assigned,/iptv-smarters-pro/
smarters pro iptv,500,Commercial,assigned,/iptv-smarters-pro/
smartone iptv,500,Commercial,assigned,/smartone-iptv/
sonic iptv,500,Commercial,Not targeted: competitor brand / reseller / too generic,
starshare iptv,500,Commercial,Excluded market (South Asia/Asia),
stbemu iptv,500,Commercial,assigned,/stbemu/
stream iptv,500,Commercial,assigned,/what-is-iptv/
stremio iptv,500,Informational,Not targeted: competitor brand / reseller / too generic,
strong iptv,500,Commercial,Not targeted: competitor brand / reseller / too generic,
tamil iptv,500,Commercial,Excluded market (South Asia/Asia),
television iptv,500,Informational,assigned,/what-is-iptv/
titan iptv,500,Commercial,Not targeted: competitor brand / reseller / too generic,
tivimate account,500,Commercial,assigned,/tivimate/
tivimate apple tv,500,Commercial,assigned,/iptv-apple-tv/
tivimate com,500,Commercial,Not targeted: out of scope,
tivimate firestick,500,Commercial,assigned,/tivimate/
tivimate for firestick,500,Commercial,assigned,/tivimate/
tivimate iptv,500,Commercial,assigned,/tivimate/
tivimate iptv player,500,Commercial,assigned,/tivimate/
tivimate on firestick,500,Commercial,assigned,/tivimate/
tivimate premium,500,Commercial,assigned,/tivimate/
tivimate premium cost,500,Commercial,assigned,/tivimate/
tivimate premium subscription,500,Commercial,assigned,/tivimate/
tivimate price,500,Commercial,assigned,/tivimate/
tivimate pro,500,Commercial,assigned,/tivimate/
tivimate reddit,500,Informational,Reddit / forum query (no page),
tivimate roku,500,Informational,assigned,/iptv-roku/
tivimate subscription,500,Commercial,assigned,/tivimate/
top iptv,500,Commercial,assigned,/best-iptv-canada/
top iptv providers,500,Commercial,assigned,/best-iptv-canada/
trex iptv,500,Commercial,Not targeted: competitor brand / reseller / too generic,
troypoint iptv,500,Commercial,Reddit / forum query (no page),
tv box mag,500,Commercial,assigned,/mag-box-iptv/
tv ip,500,Informational,assigned,/what-is-iptv/
tvip s box,500,Commercial,assigned,/iptv-box/
vlc ip tv,500,Informational,assigned,/vlc-iptv/
bandwich iptv,490,Commercial,Not targeted: competitor brand / reseller / too generic,
best iptv providers,490,Commercial,assigned,/best-iptv-canada/
iptv control,490,Informational,Not targeted: competitor brand / reseller / too generic,
iptv edge,490,Commercial,Not targeted: competitor brand / reseller / too generic,
iptv foster,490,Commercial,Not targeted: competitor brand / reseller / too generic,
iptv installer,490,Informational,Not targeted: competitor brand / reseller / too generic,
iptv providers in canada,490,Commercial,assigned,/best-iptv-canada/
iptv reviews,490,Commercial,assigned,/iptv-reviews/
iptv service canada,490,Commercial,assigned,/best-iptv-canada/
iptv smarters pro,490,Commercial,assigned,/iptv-smarters-pro/
best iptv app,320,Commercial,assigned,/iptv-apps/
best latest iptv tool,320,Commercial,Not targeted: competitor brand / reseller / too generic,
fire stick iptv,320,Commercial,assigned,/iptv-firestick/
iptv sim,320,Informational,Not targeted: competitor brand / reseller / too generic,
iptv top,320,Commercial,assigned,/best-iptv-canada/
la iptv,320,Commercial,Not targeted: competitor brand / reseller / too generic,
list iptv,320,Informational,assigned,/m3u-playlist/
service iptv,320,Commercial,assigned,/best-iptv-canada/
best canadian iptv provider,260,Commercial,assigned,/best-iptv-canada/
best iptv apps,260,Commercial,assigned,/iptv-apps/
best iptv channel,260,Commercial,Not targeted: competitor brand / reseller / too generic,
iptv for beginners,260,Informational,assigned,/what-is-iptv/
iptv provider canada,260,Commercial,assigned,/best-iptv-canada/
top rated iptv tool,260,Commercial,Not targeted: competitor brand / reseller / too generic,
4k ott iptv,50,Commercial,assigned,/4k-iptv/
5g iptv,50,Informational,Not targeted: competitor brand / reseller / too generic,
5giptv,50,Commercial,Not targeted: competitor brand / reseller / too generic,
ace iptv,50,Commercial,Not targeted: competitor brand / reseller / too generic,
all iptv,50,Commercial,Not targeted: competitor brand / reseller / too generic,
alliptv,50,Commercial,Not targeted: competitor brand / reseller / too generic,
apollo tv iptv,50,Commercial,Not targeted: competitor brand / reseller / too generic,
arabic iptv box,50,Commercial,Excluded market (Arabic/Middle East),
arabic tv box,50,Commercial,Excluded market (Arabic/Middle East),
area51 iptv,50,Commercial,Not targeted: competitor brand / reseller / too generic,
aroma iptv,50,Commercial,Not targeted: competitor brand / reseller / too generic,
astra iptv,50,Commercial,Not targeted: competitor brand / reseller / too generic,
atlas iptv,50,Commercial,Not targeted: competitor brand / reseller / too generic,
atlas pro iptv,50,Commercial,Not targeted: competitor brand / reseller / too generic,
atlas pro ontv iphone,50,Informational,assigned,/iptv-iphone/
atlas pro ott,50,Commercial,Not targeted: competitor brand / reseller / too generic,
atlaspro in,50,Commercial,Not targeted: out of scope,
atv iptv,50,Commercial,Not targeted: competitor brand / reseller / too generic,
avatar iptv,50,Commercial,Not targeted: competitor brand / reseller / too generic,
awesome iptv,50,Commercial,Not targeted: competitor brand / reseller / too generic,
bestbuyiptv,50,Commercial,Not targeted: competitor brand / reseller / too generic,
bird iptv,50,Commercial,Not targeted: competitor brand / reseller / too generic,
blended iptv,50,Commercial,Not targeted: competitor brand / reseller / too generic,
blink iptv,50,Commercial,Not targeted: competitor brand / reseller / too generic,
blitzen iptv,50,Commercial,Not targeted: competitor brand / reseller / too generic,
blue tv iptv,50,Commercial,Not targeted: competitor brand / reseller / too generic,
bob iptv,50,Commercial,Not targeted: competitor brand / reseller / too generic,
box tv iptv,50,Commercial,assigned,/iptv-box/
bravo iptv,50,Commercial,Not targeted: competitor brand / reseller / too generic,
briz iptv,50,Commercial,Not targeted: competitor brand / reseller / too generic,
buy iptv online,50,Commercial,assigned,/iptv-plans-canada/
buy iptv subscription,50,Commercial,assigned,/iptv-plans-canada/
buzztv xrs 4900,50,Commercial,assigned,/iptv-box/
buzztv xrs4500,50,Commercial,assigned,/iptv-box/
canal iptv,50,Commercial,assigned,/iptv-quebec/
canale romanesti iptv,50,Commercial,Not targeted: competitor brand / reseller / too generic,
chrome iptv player,50,Informational,assigned,/iptv-apps/
chromecast iptv,50,Commercial,assigned,/iptv-chromecast/
cle amazon iptv,50,Informational,assigned,/iptv-sur-smart-tv/
cle iptv amazon,50,Informational,assigned,/iptv-sur-smart-tv/
clean iptv,50,Commercial,Not targeted: competitor brand / reseller / too generic,
cobraiptv,50,Commercial,Not targeted: competitor brand / reseller / too generic,
comparatif iptv,50,Commercial,assigned,/meilleur-iptv/
coretv,50,Commercial,Not targeted: competitor brand / reseller / too generic,
crazy iptv,50,Commercial,Not targeted: competitor brand / reseller / too generic,
crystal iptv,50,Commercial,Not targeted: competitor brand / reseller / too generic,
crystal ott,50,Commercial,Not targeted: competitor brand / reseller / too generic,
crystal ott iptv,50,Commercial,Not targeted: competitor brand / reseller / too generic,
ctv iptv,50,Commercial,Not targeted: competitor brand / reseller / too generic,
dark iptv,50,Commercial,Not targeted: competitor brand / reseller / too generic,
dark media iptv,50,Commercial,Not targeted: competitor brand / reseller / too generic,
datoo iptv,50,Commercial,Not targeted: competitor brand / reseller / too generic,
delta iptv,50,Commercial,Not targeted: competitor brand / reseller / too generic,
deluxe iptv,50,Commercial,Not targeted: competitor brand / reseller / too generic,
desi iptv,50,Commercial,Excluded market (South Asia/Asia),
digital iptv,50,Commercial,Not targeted: competitor brand / reseller / too generic,
dlta 4k,50,Commercial,Not targeted: out of scope,
dlta 4k iptv,50,Commercial,assigned,/iptv-box/
dlta 4k tango pro,50,Commercial,Not targeted: out of scope,
dmtn iptv,50,Commercial,Not targeted: competitor brand / reseller / too generic,
domino iptv,50,Commercial,Not targeted: competitor brand / reseller / too generic,
dragon iptv,50,Commercial,Not targeted: competitor brand / reseller / too generic,
dragoniptv,50,Commercial,Not targeted: competitor brand / reseller / too generic,
dream player iptv,50,Commercial,assigned,/iptv-apps/
dream tv iptv,50,Commercial,Not targeted: competitor brand / reseller / too generic,
dreamlink box,50,Commercial,assigned,/iptv-box/
dreamlink t3,50,Commercial,Not targeted: out of scope,
dreamtv mini ultra hd,50,Commercial,assigned,/iptv-box/
duplecast,50,Commercial,Not targeted: out of scope,
duplecast iptv,50,Commercial,Not targeted: competitor brand / reseller / too generic,
dynasty iptv,50,Commercial,Not targeted: competitor brand / reseller / too generic,
eagle tv iptv,50,Commercial,Not targeted: competitor brand / reseller / too generic,
easy iptv,50,Commercial,Not targeted: competitor brand / reseller / too generic,
ebay iptv,50,Commercial,Not targeted: competitor brand / reseller / too generic,
electro iptv,50,Commercial,Not targeted: competitor brand / reseller / too generic,
elite iptv,50,Commercial,Not targeted: competitor brand / reseller / too generic,
eloniptv,50,Commercial,Not targeted: competitor brand / reseller / too generic,
emby iptv,50,Informational,Not targeted: competitor brand / reseller / too generic,
empire iptv,50,Commercial,Not targeted: competitor brand / reseller / too generic,
eternal iptv,50,Commercial,Not targeted: competitor brand / reseller / too generic,
eternal tv iptv,50,Commercial,Not targeted: competitor brand / reseller / too generic,
euro iptv,50,Commercial,Not targeted: competitor brand / reseller / too generic,
euroiptv,50,Commercial,Not targeted: competitor brand / reseller / too generic,
eva iptv,50,Commercial,Not targeted: competitor brand / reseller / too generic,
evdtv,50,Commercial,Not targeted: competitor brand / reseller / too generic,
evo iptv,50,Commercial,Not targeted: competitor brand / reseller / too generic,
evolution iptv,50,Commercial,Not targeted: competitor brand / reseller / too generic,
expressiptv,50,Commercial,Not targeted: competitor brand / reseller / too generic,
extra iptv,50,Commercial,Not targeted: competitor brand / reseller / too generic,
extreme iptv pro,50,Commercial,Not targeted: competitor brand / reseller / too generic,
extreme tv,50,Commercial,Not targeted: competitor brand / reseller / too generic,
f1 iptv,50,Commercial,assigned,/f1-iptv/
falconiptv,50,Commercial,Not targeted: competitor brand / reseller / too generic,
fame iptv,50,Commercial,Not targeted: competitor brand / reseller / too generic,
family 4k iptv,50,Commercial,Not targeted: competitor brand / reseller / too generic,
family iptv,50,Commercial,Not targeted: competitor brand / reseller / too generic,
fastiger iptv,50,Commercial,Not targeted: competitor brand / reseller / too generic,
firestick iptv reddit,50,Commercial,assigned,/iptv-firestick/
firestick ly73pr,50,Informational,Not targeted: out of scope,
firestick tivimate,50,Commercial,Not targeted: out of scope,
flex iptv,50,Commercial,Not targeted: competitor brand / reseller / too generic,
flex iptv player,50,Commercial,assigned,/iptv-apps/
flix iptv player,50,Commercial,assigned,/flix-iptv/
flixtv iptv,50,Commercial,assigned,/flix-iptv/
flux iptv,50,Commercial,Not targeted: competitor brand / reseller / too generic,
forever iptv,50,Commercial,Not targeted: competitor brand / reseller / too generic,
formuler z nano,50,Commercial,assigned,/formuler-iptv/
formuler z neo,50,Commercial,assigned,/formuler-iptv/
formuler z+,50,Commercial,Not targeted: out of scope,
formuler z10 pro max 4k,50,Commercial,assigned,/formuler-iptv/
formuler z10 pro max iptv,50,Commercial,assigned,/formuler-iptv/
formuler z10 se,50,Commercial,assigned,/formuler-iptv/
formuler z7,50,Commercial,assigned,/formuler-iptv/
formuler z7+,50,Commercial,Not targeted: out of scope,
formuler z8 pro 4k,50,Commercial,assigned,/formuler-iptv/
formuler zx,50,Commercial,Not targeted: out of scope,
fortune iptv,50,Commercial,Not targeted: competitor brand / reseller / too generic,
full iptv,50,Commercial,Not targeted: competitor brand / reseller / too generic,
gamma iptv,50,Commercial,Not targeted: competitor brand / reseller / too generic,
gamma iptv subscription,50,Commercial,Not targeted: competitor brand / reseller / too generic,
gecko iptv,50,Commercial,Not targeted: competitor brand / reseller / too generic,
gecko iptv player,50,Commercial,assigned,/iptv-apps/
gemini streamz,50,Commercial,Not targeted: competitor brand / reseller / too generic,
gemini streamz iptv,50,Commercial,Not targeted: competitor brand / reseller / too generic,
geo iptv,50,Commercial,Not targeted: competitor brand / reseller / too generic,
geoiptv,50,Commercial,Not targeted: competitor brand / reseller / too generic,
get iptv,50,Commercial,assigned,/iptv-plans-canada/
ghost iptv,50,Commercial,Not targeted: competitor brand / reseller / too generic,
global tv box,50,Commercial,assigned,/iptv-box/
glory iptv,50,Commercial,Not targeted: competitor brand / reseller / too generic,
golds tv iptv,50,Commercial,Not targeted: competitor brand / reseller / too generic,
good iptv,50,Commercial,assigned,/best-iptv-canada/
gotit iptv,50,Commercial,Not targeted: competitor brand / reseller / too generic,
gotv iptv,50,Commercial,Excluded market (Africa),
great bee arabic tv box,50,Commercial,Excluded market (Arabic/Middle East),
gse iptv chromecast,50,Informational,assigned,/iptv-chromecast/
gseiptv,50,Commercial,assigned,/iptv-iphone/
harmo iptv,50,Commercial,Not targeted: competitor brand / reseller / too generic,
hbo max iptv,50,Informational,Not targeted: competitor brand / reseller / too generic,
helix iptv,50,Commercial,Not targeted: competitor brand / reseller / too generic,
homatics box q,50,Commercial,assigned,/iptv-box/
hulk iptv,50,Commercial,Not targeted: competitor brand / reseller / too generic,
hydrogen iptv,50,Commercial,Not targeted: competitor brand / reseller / too generic,
hypersonic iptv,50,Commercial,Not targeted: competitor brand / reseller / too generic,
igate iptv,50,Commercial,Not targeted: competitor brand / reseller / too generic,
iliria iptv,50,Commercial,Not targeted: competitor brand / reseller / too generic,
im infomir,50,Commercial,assigned,/mag-box-iptv/
implayer premium,50,Commercial,assigned,/implayer/
implayer tv,50,Informational,assigned,/implayer/
infinity iptv,50,Commercial,Not targeted: competitor brand / reseller / too generic,
infomir iptv,50,Commercial,assigned,/mag-box-iptv/
infomir mag,50,Commercial,assigned,/mag-box-iptv/
infomir mag 254,50,Commercial,Not targeted: out of scope,
infomir mag 322,50,Commercial,Not targeted: out of scope,
infomir mag 524,50,Commercial,Not targeted: out of scope,
ip player,50,Commercial,assigned,/iptv-apps/
ip smarter pro,50,Commercial,Not targeted: out of scope,
ip smarters pro,50,Commercial,Not targeted: out of scope,
ip tv 4k,50,Commercial,assigned,/4k-iptv/
ip tv live,50,Commercial,assigned,/what-is-iptv/
ip tv m3u,50,Informational,assigned,/m3u-playlist/
ip tv netflix,50,Informational,Not targeted: competitor brand / reseller / too generic,
ip tv pc,50,Informational,assigned,/iptv-pc-mac/
ip tv samsung,50,Informational,assigned,/iptv-samsung-tv/
ip tv smart tv,50,Informational,assigned,/iptv-samsung-tv/
ipguys,50,Commercial,Not targeted: out of scope,
iplay iptv,50,Commercial,assigned,/iplaytv/
iplaytv android,50,Informational,assigned,/iplaytv/
iplaytv apple tv,50,Informational,assigned,/iplaytv/
ipstreamz,50,Commercial,Not targeted: competitor brand / reseller / too generic,
iptv 1,50,Commercial,Not targeted: competitor brand / reseller / too generic,
iptv 1 mois,50,Commercial,assigned,/abonnement-iptv/
iptv 12 mois,50,Commercial,assigned,/abonnement-iptv/
iptv 12 months,50,Commercial,assigned,/12-month-iptv-unlimited/
iptv 24,50,Commercial,Not targeted: competitor brand / reseller / too generic,
iptv 24 7,50,Commercial,Not targeted: competitor brand / reseller / too generic,
iptv 24h,50,Commercial,assigned,/try-iptv-canada/
iptv 345,50,Commercial,Not targeted: competitor brand / reseller / too generic,
iptv 365,50,Commercial,Not targeted: competitor brand / reseller / too generic,
iptv 4k ott,50,Commercial,assigned,/4k-iptv/
iptv 8k,50,Commercial,assigned,/4k-iptv/
iptv a vie,50,Commercial,assigned,/best-iptv-canada/
iptv account,50,Commercial,assigned,/iptv-plans-canada/
iptv africa,50,Commercial,Excluded market (Africa),
iptv aliexpress,50,Commercial,Not targeted: competitor brand / reseller / too generic,
iptv allplayer,50,Commercial,assigned,/iptv-apps/
iptv amazon stick,50,Commercial,assigned,/iptv-firestick/
iptv amazon tv,50,Informational,assigned,/iptv-firestick/
iptv android,50,Informational,assigned,/iptv-android-tv/
iptv android tv,50,Informational,assigned,/iptv-android-tv/
iptv apollo,50,Commercial,Not targeted: competitor brand / reseller / too generic,
iptv apple,50,Informational,assigned,/iptv-apple-tv/
iptv apple tv 4k,50,Informational,assigned,/iptv-apple-tv/
iptv bein,50,Commercial,assigned,/iptv-sports/
iptv bein sport,50,Commercial,assigned,/iptv-sports/
iptv bloqué,50,Informational,Legality query (not built — see notes),
iptv browser,50,Informational,assigned,/iptv-pc-mac/
iptv champions league,50,Commercial,assigned,/soccer-iptv/
iptv checker,50,Informational,assigned,/m3u-playlist/
iptv checker online,50,Informational,assigned,/m3u-playlist/
iptv chrome,50,Informational,assigned,/iptv-pc-mac/
iptv chromecast,50,Commercial,assigned,/iptv-chromecast/
iptv com,50,Commercial,Not targeted: competitor brand / reseller / too generic,
iptv connect,50,Commercial,Not targeted: competitor brand / reseller / too generic,
iptv connect pro,50,Commercial,Not targeted: competitor brand / reseller / too generic,
iptv customer service,50,Informational,assigned,/contact/
iptv deluxe,50,Commercial,Not targeted: competitor brand / reseller / too generic,
iptv device,50,Commercial,assigned,/iptv-devices/
iptv dino,50,Commercial,Not targeted: competitor brand / reseller / too generic,
iptv dstv,50,Commercial,Excluded market (Africa),
iptv dvr,50,Informational,assigned,/tivimate/
iptv enigma2,50,Informational,assigned,/iptv-box/
iptv espn,50,Commercial,assigned,/iptv-sports/
iptv eurosport,50,Commercial,assigned,/iptv-sports/
iptv express,50,Commercial,Not targeted: competitor brand / reseller / too generic,
iptv f1,50,Commercial,assigned,/f1-iptv/
iptv fiable,50,Commercial,assigned,/meilleur-iptv/
iptv flex,50,Commercial,Not targeted: competitor brand / reseller / too generic,
iptv for lg webos,50,Informational,assigned,/iptv-lg-tv/
iptv formuler,50,Commercial,assigned,/formuler-iptv/
iptv full hd,50,Commercial,assigned,/4k-iptv/
iptv ge imedi,50,Commercial,Excluded market (Arabic/Middle East),
iptv gen,50,Commercial,Not targeted: competitor brand / reseller / too generic,
iptv global,50,Commercial,assigned,/channels-list/
iptv go,50,Commercial,Not targeted: competitor brand / reseller / too generic,
iptv google chromecast,50,Informational,assigned,/iptv-chromecast/
iptv google tv,50,Informational,assigned,/iptv-android-tv/
iptv hbo,50,Informational,Not targeted: competitor brand / reseller / too generic,
iptv hbo max,50,Informational,Not targeted: competitor brand / reseller / too generic,
iptv high tech,50,Commercial,Not targeted: competitor brand / reseller / too generic,
iptv hisense,50,Informational,assigned,/iptv-android-tv/
iptv hub,50,Commercial,Not targeted: competitor brand / reseller / too generic,
iptv ipad,50,Informational,assigned,/iptv-iphone/
iptv kanali,50,Informational,assigned,/channels-list/
iptv laptop,50,Informational,assigned,/iptv-pc-mac/
iptv legale,50,Commercial,Legality query (not built — see notes),
iptv lg,50,Informational,assigned,/iptv-lg-tv/
iptv lg smart,50,Informational,assigned,/iptv-lg-tv/
iptv lg tv,50,Informational,assigned,/iptv-lg-tv/
iptv lg webos,50,Informational,assigned,/iptv-lg-tv/
iptv lifetime,50,Commercial,assigned,/best-iptv-canada/
iptv line,50,Commercial,Not targeted: competitor brand / reseller / too generic,
iptv listas m3u,50,Informational,Excluded market (Latin America),
iptv liste,50,Informational,assigned,/m3u-playlist/
iptv lite,50,Commercial,Not targeted: competitor brand / reseller / too generic,
iptv live tv,50,Commercial,assigned,/channels-list/
iptv m3u8,50,Informational,assigned,/m3u-playlist/
iptv macbook,50,Informational,assigned,/iptv-pc-mac/
iptv main,50,Commercial,Not targeted: competitor brand / reseller / too generic,
iptv media player,50,Commercial,assigned,/iptv-apps/
iptv meilleur rapport qualité prix,50,Commercial,assigned,/meilleur-iptv/
iptv mobile,50,Commercial,assigned,/iptv-iphone/
iptv mu3,50,Commercial,assigned,/m3u-playlist/
iptv mxl,50,Commercial,Not targeted: competitor brand / reseller / too generic,
iptv nba,50,Commercial,assigned,/nba-iptv/
iptv ne fonctionne plus,50,Informational,assigned,/iptv-sur-smart-tv/
iptv netflix,50,Informational,Not targeted: competitor brand / reseller / too generic,
iptv now,50,Commercial,assigned,/what-is-iptv/
iptv nvidia shield,50,Commercial,assigned,/iptv-android-tv/
iptv on apple tv 4k,50,Informational,assigned,/iptv-apple-tv/
iptv on firestick reddit,50,Commercial,Reddit / forum query (no page),
iptv orange,50,Commercial,Not targeted: competitor brand / reseller / too generic,
iptv packages,50,Commercial,assigned,/iptv-plans-canada/
iptv pas cher,50,Commercial,assigned,/abonnement-iptv/
iptv pour pc,50,Informational,assigned,/iptv-sur-smart-tv/
iptv premier league,50,Commercial,assigned,/soccer-iptv/
iptv premium 4k,50,Commercial,assigned,/4k-iptv/
iptv premium subscription,50,Commercial,assigned,/4k-iptv/
iptv prix,50,Commercial,assigned,/abonnement-iptv/
iptv promo,50,Commercial,assigned,/abonnement-iptv/
iptv promotions,50,Commercial,assigned,/iptv-plans-canada/
iptv ps5,50,Informational,assigned,/iptv-sur-smart-tv/
iptv purple,50,Commercial,Not targeted: competitor brand / reseller / too generic,
iptv rapid,50,Commercial,Not targeted: competitor brand / reseller / too generic,
iptv receiver,50,Commercial,assigned,/iptv-devices/
iptv revolution,50,Commercial,Not targeted: competitor brand / reseller / too generic,
iptv rive nord,50,Commercial,assigned,/iptv-montreal/
iptv samsung,50,Informational,assigned,/iptv-samsung-tv/
iptv samsung smart tv,50,Informational,assigned,/iptv-samsung-tv/
iptv samsung tizen,50,Informational,assigned,/iptv-samsung-tv/
iptv sans coupure,50,Commercial,assigned,/meilleur-iptv/
iptv satellite,50,Commercial,assigned,/what-is-iptv/
iptv secured,50,Commercial,Not targeted: competitor brand / reseller / too generic,
iptv series,50,Commercial,assigned,/channels-list/
iptv set,50,Commercial,Not targeted: competitor brand / reseller / too generic,
iptv sharing,50,Informational,Legality query (not built — see notes),
iptv shop,50,Commercial,Not targeted: competitor brand / reseller / too generic,
iptv sky sports,50,Commercial,assigned,/iptv-sports/
iptv smart box,50,Commercial,assigned,/iptv-box/
iptv smart purple player,50,Commercial,Not targeted: competitor brand / reseller / too generic,
iptv smart tv,50,Informational,assigned,/iptv-samsung-tv/
iptv smarter pc,50,Informational,assigned,/iptv-pc-mac/
iptv smarter pro downloader,50,Informational,assigned,/iptv-smarters-pro/
iptv smarters android,50,Informational,assigned,/iptv-smarters-pro/
iptv smarters apple tv,50,Commercial,assigned,/iptv-apple-tv/
iptv smarters chromecast,50,Informational,assigned,/iptv-chromecast/
iptv smarters com,50,Commercial,assigned,/iptv-smarters-pro/
iptv smarters customer service,50,Informational,assigned,/contact/
iptv smasters android tv,50,Informational,assigned,/iptv-android-tv/
iptv smasters fire stick,50,Informational,assigned,/iptv-smarters-pro/
iptv smasters firestick,50,Commercial,assigned,/iptv-smarters-pro/
iptv smasters for firestick,50,Commercial,assigned,/iptv-smarters-pro/
iptv smasters for pc,50,Informational,assigned,/iptv-smarters-pro/
iptv smasters free,50,Informational,assigned,/iptv-smarters-pro/
iptv smasters google play,50,Informational,assigned,/iptv-smarters-pro/
iptv smasters iphone,50,Informational,assigned,/iptv-iphone/
iptv smasters lg,50,Informational,assigned,/iptv-smarters-pro/
iptv smasters lg tv,50,Informational,assigned,/iptv-lg-tv/
iptv smasters m3u,50,Informational,assigned,/iptv-smarters-pro/
iptv smasters mac,50,Informational,assigned,/iptv-smarters-pro/
iptv smasters on firestick,50,Commercial,assigned,/iptv-smarters-pro/
iptv smasters on roku tv,50,Informational,assigned,/iptv-roku/
iptv smasters online,50,Commercial,assigned,/iptv-smarters-pro/
iptv smasters pc,50,Informational,assigned,/iptv-smarters-pro/
iptv smasters player android,50,Informational,assigned,/iptv-smarters-pro/
iptv smasters player lite,50,Commercial,assigned,/smarters-player-lite/
iptv smasters player samsung,50,Informational,assigned,/iptv-smarters-pro/
iptv smasters pour pc,50,Informational,assigned,/iptv-smarters-pro/
iptv smasters premium,50,Commercial,assigned,/iptv-smarters-pro/
iptv smasters pro android tv,50,Informational,assigned,/iptv-smarters-pro/
iptv smasters pro apple tv,50,Informational,assigned,/iptv-apple-tv/
iptv smasters pro com,50,Commercial,assigned,/iptv-smarters-pro/
iptv smasters pro downloader,50,Informational,assigned,/iptv-smarters-pro/
iptv smasters pro fire stick,50,Informational,assigned,/iptv-smarters-pro/
iptv smasters pro for pc,50,Informational,assigned,/iptv-smarters-pro/
iptv smasters pro introuvable google play,50,Informational,assigned,/iptv-sur-smart-tv/
iptv smasters pro iphone,50,Informational,assigned,/iptv-smarters-pro/
iptv smasters pro lg,50,Informational,assigned,/iptv-smarters-pro/
iptv smasters pro live,50,Commercial,assigned,/iptv-smarters-pro/
iptv smasters pro m3u,50,Informational,assigned,/iptv-smarters-pro/
iptv smasters pro mac,50,Informational,assigned,/iptv-smarters-pro/
iptv smasters pro macbook,50,Informational,assigned,/iptv-smarters-pro/
iptv smasters pro ne fonctionne pas sur tv samsung,50,Informational,assigned,/iptv-sur-smart-tv/
iptv smasters pro price,50,Commercial,assigned,/iptv-smarters-pro/
iptv smasters pro roku,50,Informational,assigned,/iptv-roku/
iptv smasters pro samsung tv,50,Informational,assigned,/iptv-smarters-pro/
iptv smasters pro smart tv,50,Informational,assigned,/iptv-smarters-pro/
iptv smasters pro sur pc,50,Informational,assigned,/iptv-smarters-pro/
iptv smasters pro tv,50,Commercial,assigned,/iptv-smarters-pro/
iptv smasters reddit,50,Informational,Reddit / forum query (no page),
iptv smasters roku,50,Informational,assigned,/iptv-smarters-pro/
iptv smasters roku tv,50,Informational,assigned,/iptv-smarters-pro/
iptv smasters samsung,50,Informational,assigned,/iptv-smarters-pro/
iptv smasters samsung tv,50,Informational,assigned,/iptv-samsung-tv/
iptv smasters smart tv,50,Informational,assigned,/iptv-smarters-pro/
iptv smasters subscription,50,Commercial,assigned,/iptv-smarters-pro/
iptv smasters subscription reddit,50,Commercial,Reddit / forum query (no page),
iptv smasters tv,50,Commercial,assigned,/iptv-smarters-pro/
iptv smasters web,50,Commercial,assigned,/iptv-smarters-pro/
iptv soccer,50,Commercial,assigned,/soccer-iptv/
iptv sony,50,Informational,assigned,/iptv-android-tv/
iptv stable,50,Commercial,assigned,/best-iptv-canada/
iptv stream player pro,50,Commercial,assigned,/iptv-apps/
iptv stream pro,50,Commercial,assigned,/iptv-apps/
iptv streamer pro,50,Commercial,assigned,/iptv-apps/
iptv streamers,50,Informational,Not targeted: competitor brand / reseller / too generic,
iptv studio,50,Commercial,Not targeted: competitor brand / reseller / too generic,
iptv subscription ebay,50,Commercial,Not targeted: competitor brand / reseller / too generic,
iptv sur apple tv,50,Informational,assigned,/iptv-sur-smart-tv/
iptv sur chromecast,50,Informational,assigned,/iptv-sur-smart-tv/
iptv sur fire stick,50,Informational,assigned,/iptv-sur-smart-tv/
iptv sur iphone,50,Informational,assigned,/iptv-sur-smart-tv/
iptv sur kodi,50,Informational,assigned,/iptv-sur-smart-tv/
iptv sur mac,50,Informational,assigned,/iptv-sur-smart-tv/
iptv sur pc,50,Informational,assigned,/iptv-sur-smart-tv/
iptv sur ps5,50,Informational,assigned,/iptv-sur-smart-tv/
iptv sur samsung,50,Informational,assigned,/iptv-sur-smart-tv/
iptv sur smart tv,50,Informational,assigned,/iptv-sur-smart-tv/
iptv sur tv samsung,50,Informational,assigned,/iptv-sur-smart-tv/
iptv sur vlc,50,Informational,assigned,/iptv-sur-smart-tv/
iptv tester,50,Informational,assigned,/try-iptv-canada/
iptv tivimate,50,Commercial,assigned,/tivimate/
iptv tizen,50,Informational,assigned,/iptv-samsung-tv/
iptv today,50,Commercial,assigned,/what-is-iptv/
iptv trustpilot,50,Informational,assigned,/iptv-reviews/
iptv tune,50,Commercial,Not targeted: competitor brand / reseller / too generic,
iptv viewer,50,Commercial,assigned,/iptv-apps/
iptv vod,50,Commercial,assigned,/what-is-iptv/
iptv watch tv online,50,Commercial,assigned,/what-is-iptv/
iptv web browser,50,Informational,assigned,/iptv-pc-mac/
iptv what is it,50,Informational,assigned,/what-is-iptv/
iptv wifi,50,Informational,assigned,/iptv-devices/
iptv world cup,50,Commercial,assigned,/soccer-iptv/
iptv x,50,Commercial,Not targeted: competitor brand / reseller / too generic,
iptv1,50,Commercial,Not targeted: competitor brand / reseller / too generic,
iptv12k,50,Commercial,Not targeted: competitor brand / reseller / too generic,
iptv24,50,Commercial,Not targeted: competitor brand / reseller / too generic,
iptv365,50,Commercial,Not targeted: competitor brand / reseller / too generic,
iptv4less,50,Commercial,Not targeted: competitor brand / reseller / too generic,
iptv4sat,50,Commercial,Not targeted: competitor brand / reseller / too generic,
iptv4u,50,Commercial,Not targeted: competitor brand / reseller / too generic,
iptv66,50,Commercial,Not targeted: competitor brand / reseller / too generic,
iptv8k,50,Commercial,assigned,/4k-iptv/
iptvfarm,50,Commercial,Not targeted: competitor brand / reseller / too generic,
iptvgold,50,Commercial,Not targeted: competitor brand / reseller / too generic,
iptvhut,50,Commercial,Not targeted: competitor brand / reseller / too generic,
iptvone,50,Commercial,Not targeted: competitor brand / reseller / too generic,
iptvplus,50,Commercial,Not targeted: competitor brand / reseller / too generic,
iptvresale,50,Commercial,Not targeted: competitor brand / reseller / too generic,
iptvshop,50,Commercial,Not targeted: competitor brand / reseller / too generic,
iptvsmarterspro,50,Commercial,assigned,/iptv-smarters-pro/
iptvstore,50,Commercial,Not targeted: competitor brand / reseller / too generic,
iptvx android,50,Commercial,assigned,/iptv-iphone/
iptvx apple tv,50,Commercial,assigned,/iptv-apple-tv/
ironiptv,50,Commercial,Not targeted: competitor brand / reseller / too generic,
istar iptv,50,Commercial,Not targeted: competitor brand / reseller / too generic,
itec iptv,50,Commercial,Not targeted: competitor brand / reseller / too generic,
iview iptv,50,Commercial,Not targeted: competitor brand / reseller / too generic,
jarvis iptv,50,Commercial,Not targeted: competitor brand / reseller / too generic,
jio iptv,50,Commercial,Excluded market (South Asia/Asia),
joker iptv,50,Commercial,Not targeted: competitor brand / reseller / too generic,
kemo iptv reddit,50,Commercial,Reddit / forum query (no page),
kemo sat iptv,50,Commercial,Not targeted: competitor brand / reseller / too generic,
kemo sat tv,50,Commercial,Not targeted: competitor brand / reseller / too generic,
key iptv,50,Commercial,Not targeted: competitor brand / reseller / too generic,
king365 iptv,50,Commercial,Excluded market (South Asia/Asia),
king365 tv,50,Commercial,Excluded market (South Asia/Asia),
king365tv,50,Commercial,Excluded market (South Asia/Asia),
king365tv box v2,50,Commercial,Excluded market (South Asia/Asia),
king365tv box v3,50,Commercial,Excluded market (South Asia/Asia),
kingtv365,50,Commercial,Excluded market (South Asia/Asia),
kodi iptv m3u,50,Informational,assigned,/kodi-iptv/
kodi live tv,50,Informational,assigned,/kodi-iptv/
kodi m3u,50,Informational,assigned,/kodi-iptv/
lazy iptv,50,Commercial,Not targeted: competitor brand / reseller / too generic,
lazyiptv deluxe,50,Commercial,Not targeted: competitor brand / reseller / too generic,
le meilleur iptv,50,Commercial,assigned,/meilleur-iptv/
lebanese iptv,50,Commercial,Excluded market (Arabic/Middle East),
lebaneseiptv,50,Commercial,Excluded market (Arabic/Middle East),
lecteur iptv,50,Commercial,assigned,/iptv-sur-smart-tv/
lecteur m3u en ligne,50,Informational,Not targeted: out of scope,
legends iptv,50,Commercial,Not targeted: competitor brand / reseller / too generic,
les meilleurs iptv,50,Commercial,assigned,/meilleur-iptv/
lex iptv,50,Commercial,Not targeted: competitor brand / reseller / too generic,
lifetime iptv,50,Commercial,assigned,/best-iptv-canada/
lionz iptv,50,Commercial,Not targeted: competitor brand / reseller / too generic,
liste iptv m3u fr,50,Informational,assigned,/m3u-playlist/
liste m3u,50,Informational,Not targeted: out of scope,
live ip tv,50,Commercial,assigned,/what-is-iptv/
live iptv,50,Commercial,assigned,/what-is-iptv/
live tv player,50,Commercial,assigned,/iptv-apps/
livego iptv,50,Commercial,Not targeted: competitor brand / reseller / too generic,
local iptv,50,Commercial,assigned,/iptv-near-me/
lxtream,50,Commercial,assigned,/xtream-codes-iptv/
lxtream android tv,50,Informational,assigned,/xtream-codes-iptv/
lxtream player,50,Commercial,assigned,/xtream-codes-iptv/
m3u checker,50,Informational,Not targeted: out of scope,
m3u downloader online,50,Informational,Not targeted: out of scope,
m3u kodi,50,Informational,assigned,/kodi-iptv/
m3u lista,50,Informational,Excluded market (Latin America),
m3u online,50,Informational,Not targeted: out of scope,
m3u player online,50,Informational,assigned,/m3u-playlist/
m3u player pc,50,Informational,assigned,/iptv-pc-mac/
m3u plex,50,Informational,Not targeted: out of scope,
m3u premium,50,Commercial,Not targeted: out of scope,
m3u vod,50,Informational,Not targeted: out of scope,
m3u8 iptv,50,Informational,assigned,/m3u-playlist/
m3u8 list,50,Informational,assigned,/m3u-playlist/
m3u8 tv,50,Informational,assigned,/m3u-playlist/
mac iptv,50,Informational,assigned,/iptv-pc-mac/
maestro iptv,50,Commercial,Not targeted: competitor brand / reseller / too generic,
mag 250,50,Commercial,assigned,/mag-box-iptv/
mag 256,50,Commercial,assigned,/mag-box-iptv/
mag 324,50,Commercial,assigned,/mag-box-iptv/
mag 410,50,Commercial,Not targeted: out of scope,
mag 420w1,50,Commercial,Not targeted: out of scope,
mag 424,50,Commercial,assigned,/mag-box-iptv/
mag 424w3,50,Commercial,Not targeted: out of scope,
mag 425a,50,Commercial,Not targeted: out of scope,
mag 524,50,Commercial,assigned,/mag-box-iptv/
mag 524w3,50,Commercial,Not targeted: out of scope,
mag box 322,50,Commercial,assigned,/mag-box-iptv/
mag box 4k,50,Commercial,assigned,/mag-box-iptv/
mag322w1,50,Commercial,assigned,/mag-box-iptv/
magic tv iptv,50,Commercial,Not targeted: competitor brand / reseller / too generic,
magnum iptv,50,Commercial,Not targeted: competitor brand / reseller / too generic,
magnum ott,50,Commercial,Not targeted: competitor brand / reseller / too generic,
mario iptv,50,Commercial,Not targeted: competitor brand / reseller / too generic,
marvel iptv,50,Commercial,Not targeted: competitor brand / reseller / too generic,
matrix iptv,50,Commercial,Not targeted: competitor brand / reseller / too generic,
max iptv,50,Commercial,Not targeted: competitor brand / reseller / too generic,
maxiptv,50,Commercial,Not targeted: competitor brand / reseller / too generic,
media iptv,50,Commercial,Not targeted: competitor brand / reseller / too generic,
mega ott,50,Commercial,Not targeted: competitor brand / reseller / too generic,
megaiptv,50,Commercial,Not targeted: competitor brand / reseller / too generic,
megaott iptv,50,Commercial,Not targeted: competitor brand / reseller / too generic,
megaott net,50,Commercial,Not targeted: competitor brand / reseller / too generic,
meilleur box iptv,50,Commercial,assigned,/iptv-box/
meilleur lecteur iptv,50,Commercial,assigned,/iptv-sur-smart-tv/
meilleur lecteur iptv android,50,Commercial,assigned,/iptv-sur-smart-tv/
meilleur service iptv,50,Commercial,assigned,/meilleur-iptv/
mi box iptv,50,Commercial,assigned,/iptv-android-tv/
mitvpro,50,Commercial,Not targeted: competitor brand / reseller / too generic,
momiptv,50,Commercial,Not targeted: competitor brand / reseller / too generic,
moul iptv,50,Commercial,Not targeted: competitor brand / reseller / too generic,
mu3 iptv,50,Commercial,assigned,/m3u-playlist/
mxl iptv,50,Commercial,Not targeted: competitor brand / reseller / too generic,
mxl tv,50,Commercial,Not targeted: competitor brand / reseller / too generic,
my hd iptv,50,Commercial,Not targeted: competitor brand / reseller / too generic,
my ip tv,50,Commercial,Not targeted: competitor brand / reseller / too generic,
myhd iptv,50,Commercial,Not targeted: competitor brand / reseller / too generic,
myiptv 4k,50,Commercial,Not targeted: competitor brand / reseller / too generic,
nanomid com,50,Commercial,Not targeted: out of scope,
nanomid iptv,50,Commercial,Not targeted: competitor brand / reseller / too generic,
nasaiptv,50,Commercial,Not targeted: competitor brand / reseller / too generic,
necro iptv,50,Commercial,Not targeted: competitor brand / reseller / too generic,
neo iptv,50,Commercial,Not targeted: competitor brand / reseller / too generic,
neotv pro,50,Commercial,Not targeted: competitor brand / reseller / too generic,
neox2 iptv,50,Commercial,Not targeted: competitor brand / reseller / too generic,
nettv iptv,50,Commercial,Not targeted: competitor brand / reseller / too generic,
new iptv,50,Commercial,Not targeted: competitor brand / reseller / too generic,
nikon iptv,50,Commercial,Not targeted: competitor brand / reseller / too generic,
nikoniptv,50,Commercial,Not targeted: competitor brand / reseller / too generic,
nitro iptv,50,Commercial,Not targeted: competitor brand / reseller / too generic,
nord iptv,50,Commercial,Not targeted: competitor brand / reseller / too generic,
nova iptv,50,Commercial,Not targeted: competitor brand / reseller / too generic,
nova max iptv,50,Commercial,Not targeted: competitor brand / reseller / too generic,
nvidia shield iptv,50,Commercial,assigned,/iptv-android-tv/
ok2 iptv,50,Commercial,Not targeted: competitor brand / reseller / too generic,
one iptv,50,Commercial,Not targeted: competitor brand / reseller / too generic,
one tv iptv,50,Commercial,Not targeted: competitor brand / reseller / too generic,
onetv iptv,50,Commercial,Not targeted: competitor brand / reseller / too generic,
onpoint iptv,50,Commercial,Not targeted: competitor brand / reseller / too generic,
open iptv,50,Commercial,Not targeted: competitor brand / reseller / too generic,
opus iptv,50,Commercial,Not targeted: competitor brand / reseller / too generic,
ott navigator premium,50,Commercial,assigned,/iptv-apps/
ott pro box,50,Commercial,assigned,/iptv-box/
paid iptv,50,Commercial,assigned,/iptv-plans-canada/
panda iptv,50,Commercial,Not targeted: competitor brand / reseller / too generic,
pandaiptv,50,Commercial,Not targeted: competitor brand / reseller / too generic,
pandar iptv,50,Commercial,Not targeted: competitor brand / reseller / too generic,
pelican iptv,50,Commercial,Not targeted: competitor brand / reseller / too generic,
perfect iptv,50,Commercial,Not targeted: competitor brand / reseller / too generic,
perfectiptv,50,Commercial,Not targeted: competitor brand / reseller / too generic,
phoenix iptv,50,Commercial,Not targeted: competitor brand / reseller / too generic,
platinum iptv,50,Commercial,Not targeted: competitor brand / reseller / too generic,
play list iptv,50,Informational,assigned,/m3u-playlist/
playiptv,50,Commercial,Not targeted: competitor brand / reseller / too generic,
plex iptv m3u,50,Informational,assigned,/m3u-playlist/
plex m3u,50,Informational,Not targeted: out of scope,
plus iptv,50,Commercial,Not targeted: competitor brand / reseller / too generic,
pluto iptv,50,Commercial,Not targeted: competitor brand / reseller / too generic,
pluto tv m3u,50,Informational,assigned,/m3u-playlist/
premier iptv,50,Commercial,Not targeted: competitor brand / reseller / too generic,
prestige iptv,50,Commercial,Not targeted: competitor brand / reseller / too generic,
primeiptv,50,Commercial,Not targeted: competitor brand / reseller / too generic,
prix iptv,50,Commercial,assigned,/abonnement-iptv/
pro iptv,50,Commercial,Not targeted: competitor brand / reseller / too generic,
pure iptv,50,Commercial,Not targeted: competitor brand / reseller / too generic,
pureiptv,50,Commercial,Not targeted: competitor brand / reseller / too generic,
purple iptv,50,Commercial,Not targeted: competitor brand / reseller / too generic,
quzu iptv,50,Commercial,Not targeted: competitor brand / reseller / too generic,
quzu tv,50,Commercial,Not targeted: competitor brand / reseller / too generic,
rapidiptv,50,Commercial,Not targeted: competitor brand / reseller / too generic,
real iptv,50,Commercial,Not targeted: competitor brand / reseller / too generic,
realiptv,50,Commercial,Not targeted: competitor brand / reseller / too generic,
reddit tivimate,50,Informational,Reddit / forum query (no page),
rediptv,50,Commercial,Not targeted: competitor brand / reseller / too generic,
redline iptv,50,Commercial,Not targeted: competitor brand / reseller / too generic,
roku express iptv,50,Informational,assigned,/iptv-roku/
room iptv,50,Commercial,Not targeted: competitor brand / reseller / too generic,
roomiptv,50,Commercial,Not targeted: competitor brand / reseller / too generic,
royal iptv,50,Commercial,Not targeted: competitor brand / reseller / too generic,
royaliptv,50,Commercial,Not targeted: competitor brand / reseller / too generic,
samsung iptv smarters,50,Informational,assigned,/iptv-samsung-tv/
samsung tizen iptv,50,Informational,assigned,/iptv-samsung-tv/
sapphire iptv,50,Commercial,Not targeted: competitor brand / reseller / too generic,
sapphire tv,50,Commercial,Not targeted: competitor brand / reseller / too generic,
sat iptv,50,Commercial,Not targeted: competitor brand / reseller / too generic,
simpleiptv,50,Commercial,Not targeted: competitor brand / reseller / too generic,
sip tv,50,Commercial,assigned,/smart-iptv/
siptv list,50,Informational,assigned,/smart-iptv/
siptv my list,50,Informational,assigned,/smart-iptv/
sky iptv,50,Commercial,Not targeted: competitor brand / reseller / too generic,
skyline iptv,50,Commercial,Not targeted: competitor brand / reseller / too generic,
sleek iptv,50,Commercial,Not targeted: competitor brand / reseller / too generic,
smart iptv android tv,50,Informational,assigned,/iptv-android-tv/
smart iptv com,50,Commercial,assigned,/smart-iptv/
smart iptv downloader,50,Informational,Not targeted: competitor brand / reseller / too generic,
smart iptv fire stick,50,Informational,Not targeted: competitor brand / reseller / too generic,
smart iptv firestick,50,Informational,assigned,/iptv-firestick/
smart iptv list,50,Informational,assigned,/smart-iptv/
smart iptv m3u,50,Informational,assigned,/smart-iptv/
smart iptv mac,50,Informational,Not targeted: competitor brand / reseller / too generic,
smart iptv my list,50,Informational,assigned,/smart-iptv/
smart iptv pc,50,Informational,assigned,/iptv-pc-mac/
smart iptv premium,50,Commercial,Not targeted: competitor brand / reseller / too generic,
smart iptv samsung,50,Informational,assigned,/smart-iptv/
smart iptv sony,50,Informational,Not targeted: competitor brand / reseller / too generic,
smart plus iptv,50,Commercial,Not targeted: competitor brand / reseller / too generic,
smart pro iptv,50,Commercial,assigned,/iptv-smarters-pro/
smart stb tv,50,Commercial,assigned,/stbemu/
smarter player pro,50,Commercial,Not targeted: competitor brand / reseller / too generic,
smarters iptv firestick,50,Commercial,assigned,/iptv-smarters-pro/
smarters lite,50,Commercial,assigned,/smarters-player-lite/
smarters player lite chromecast,50,Informational,assigned,/iptv-chromecast/
smarters player lite firestick,50,Commercial,assigned,/smarters-player-lite/
smarters player lite samsung tv,50,Informational,assigned,/smarters-player-lite/
smarters player lite sur tv samsung,50,Informational,assigned,/smarters-player-lite/
smarters player lite tv,50,Informational,assigned,/smarters-player-lite/
smarters player pro,50,Commercial,assigned,/iptv-smarters-pro/
smarters player tv,50,Commercial,assigned,/iptv-smarters-pro/
smarters pro firestick,50,Commercial,assigned,/iptv-smarters-pro/
smarters pro lite,50,Commercial,assigned,/smarters-player-lite/
smarters pro pc,50,Informational,assigned,/iptv-smarters-pro/
smarters pro tv,50,Commercial,assigned,/iptv-smarters-pro/
smarters tv,50,Commercial,assigned,/iptv-smarters-pro/
smarters tv pro,50,Commercial,assigned,/iptv-smarters-pro/
smarterstv,50,Commercial,assigned,/iptv-smarters-pro/
smartgo iptv,50,Commercial,Not targeted: competitor brand / reseller / too generic,
smartone iptv com,50,Commercial,assigned,/smartone-iptv/
smartone iptv com generate,50,Commercial,assigned,/smartone-iptv/
smartone iptv generate,50,Commercial,assigned,/smartone-iptv/
smasters player lite télécharger,50,Informational,assigned,/smarters-player-lite/
sniper iptv,50,Commercial,Not targeted: competitor brand / reseller / too generic,
soplayer iptv,50,Commercial,Not targeted: competitor brand / reseller / too generic,
space iptv,50,Commercial,Not targeted: competitor brand / reseller / too generic,
spider iptv,50,Commercial,Not targeted: competitor brand / reseller / too generic,
sportz iptv,50,Commercial,assigned,/iptv-sports/
sportz tv iptv,50,Commercial,Not targeted: competitor brand / reseller / too generic,
sstv iptv,50,Commercial,Not targeted: competitor brand / reseller / too generic,
star iptv,50,Commercial,Not targeted: competitor brand / reseller / too generic,
stariptv,50,Commercial,Not targeted: competitor brand / reseller / too generic,
starlink iptv,50,Informational,assigned,/iptv-near-me/
starsat iptv,50,Commercial,Not targeted: competitor brand / reseller / too generic,
startimes iptv,50,Commercial,Excluded market (Africa),
stbemu 4k,50,Commercial,assigned,/stbemu/
stbemu pro firestick,50,Commercial,assigned,/stbemu/
streamy iptv,50,Commercial,Not targeted: competitor brand / reseller / too generic,
streamz iptv,50,Commercial,Not targeted: competitor brand / reseller / too generic,
strymtv for pc,50,Commercial,Not targeted: competitor brand / reseller / too generic,
super iptv,50,Commercial,Not targeted: competitor brand / reseller / too generic,
supernova iptv,50,Commercial,Not targeted: competitor brand / reseller / too generic,
tamiliptv,50,Commercial,Excluded market (South Asia/Asia),
tanggula x5,50,Commercial,Excluded market (South Asia/Asia),
tashan iptv,50,Commercial,Not targeted: competitor brand / reseller / too generic,
tele iptv,50,Commercial,Not targeted: competitor brand / reseller / too generic,
tfc iptv,50,Commercial,Excluded market (South Asia/Asia),
the best iptv,50,Commercial,assigned,/best-iptv-canada/
the best iptv service,50,Commercial,assigned,/best-iptv-canada/
thunder iptv,50,Commercial,Not targeted: competitor brand / reseller / too generic,
tiger iptv,50,Commercial,Not targeted: competitor brand / reseller / too generic,
tivimate account premium,50,Commercial,Not targeted: out of scope,
tivimate android tv,50,Informational,assigned,/iptv-android-tv/
tivimate chromecast,50,Informational,assigned,/iptv-chromecast/
tivimate companion iphone,50,Informational,assigned,/iptv-iphone/
tivimate for pc,50,Informational,assigned,/iptv-pc-mac/
tivimate iptv player premium,50,Commercial,assigned,/tivimate/
tivimate lg,50,Informational,assigned,/iptv-lg-tv/
tivimate m3u,50,Informational,Not targeted: out of scope,
tivimate mac,50,Informational,Not targeted: out of scope,
tivimate pc,50,Informational,assigned,/iptv-pc-mac/
tivimate player,50,Commercial,assigned,/tivimate/
tivimate premium account,50,Commercial,Not targeted: out of scope,
tivimate premium firestick,50,Commercial,Not targeted: out of scope,
tivimate premium price,50,Commercial,Not targeted: out of scope,
tivimate premium prix,50,Commercial,assigned,/abonnement-iptv/
tivimate samsung,50,Informational,assigned,/tivimate/
tivimate samsung tv,50,Informational,assigned,/tivimate/
tivimate website,50,Commercial,Not targeted: out of scope,
tnt iptv,50,Commercial,Not targeted: competitor brand / reseller / too generic,
top 10 iptv,50,Commercial,assigned,/best-iptv-canada/
top 5 iptv,50,Commercial,assigned,/best-iptv-canada/
top1iptv,50,Commercial,Not targeted: competitor brand / reseller / too generic,
trial iptv,50,Commercial,assigned,/try-iptv-canada/
troypoint live net tv,50,Commercial,Reddit / forum query (no page),
troypoint tivimate,50,Informational,Reddit / forum query (no page),
trustpilot iptv,50,Informational,assigned,/iptv-reviews/
tv ip box,50,Commercial,Not targeted: competitor brand / reseller / too generic,
tv m3u,50,Informational,assigned,/m3u-playlist/
tv plus iptv,50,Commercial,Not targeted: competitor brand / reseller / too generic,
tv smarters,50,Commercial,assigned,/iptv-smarters-pro/
tv smarters pro,50,Commercial,assigned,/iptv-smarters-pro/
tv team iptv,50,Commercial,Not targeted: competitor brand / reseller / too generic,
tvip 605,50,Commercial,assigned,/iptv-box/
tvip s box 605,50,Commercial,assigned,/iptv-box/
tvip s box v 525,50,Commercial,assigned,/iptv-box/
tvip s box v 605,50,Commercial,assigned,/iptv-box/
tvzon,50,Commercial,Excluded market (South Asia/Asia),
ugoos am7,50,Commercial,Not targeted: out of scope,
ukiptv,50,Commercial,Not targeted: competitor brand / reseller / too generic,
ultimate iptv,50,Commercial,Not targeted: competitor brand / reseller / too generic,
unifi iptv,50,Commercial,Not targeted: competitor brand / reseller / too generic,
universal iptv,50,Commercial,Not targeted: competitor brand / reseller / too generic,
universe iptv,50,Commercial,Not targeted: competitor brand / reseller / too generic,
unoiptv,50,Commercial,Not targeted: competitor brand / reseller / too generic,
vavoo iptv,50,Commercial,Not targeted: competitor brand / reseller / too generic,
vavoo kodi,50,Informational,Not targeted: out of scope,
venom iptv,50,Commercial,Not targeted: competitor brand / reseller / too generic,
vidaa iptv,50,Informational,assigned,/iptv-android-tv/
viper iptv,50,Commercial,Not targeted: competitor brand / reseller / too generic,
vipiptv,50,Commercial,Not targeted: competitor brand / reseller / too generic,
vision iptv,50,Commercial,Not targeted: competitor brand / reseller / too generic,
vod m3u,50,Informational,Not targeted: out of scope,
voodoo iptv,50,Commercial,Not targeted: competitor brand / reseller / too generic,
watch iptv,50,Commercial,assigned,/what-is-iptv/
watched iptv,50,Commercial,Not targeted: competitor brand / reseller / too generic,
web iptv smarters,50,Informational,assigned,/iptv-smarters-pro/
webos iptv,50,Informational,assigned,/iptv-lg-tv/
wise iptv,50,Commercial,Not targeted: competitor brand / reseller / too generic,
wise iptv player,50,Commercial,Not targeted: competitor brand / reseller / too generic,
wizard iptv,50,Commercial,Not targeted: competitor brand / reseller / too generic,
wolf iptv,50,Commercial,Not targeted: competitor brand / reseller / too generic,
world cup iptv,50,Commercial,assigned,/soccer-iptv/
worldwide iptv,50,Commercial,assigned,/channels-list/
x iptv,50,Commercial,Not targeted: competitor brand / reseller / too generic,
xciptv firestick,50,Commercial,assigned,/xciptv/
xciptv for firestick,50,Commercial,assigned,/xciptv/
xciptv pro,50,Commercial,assigned,/xciptv/
xciptv tv,50,Commercial,assigned,/xciptv/
xiaomi iptv,50,Commercial,assigned,/iptv-android-tv/
xiaomi iptv box,50,Commercial,assigned,/iptv-android-tv/
xiptv,50,Commercial,Not targeted: competitor brand / reseller / too generic,
xtream iptv m3u,50,Informational,assigned,/xtream-codes-iptv/
xtream tv,50,Commercial,assigned,/xtream-codes-iptv/
xtreamtv,50,Commercial,assigned,/xtream-codes-iptv/
xtreme hd iptv reddit,50,Commercial,Reddit / forum query (no page),
yeah iptv,50,Commercial,Not targeted: competitor brand / reseller / too generic,
zina iptv,50,Commercial,Not targeted: competitor brand / reseller / too generic,
zoom iptv,50,Commercial,Not targeted: competitor brand / reseller / too generic,
